Year,Semester,Instructor,Gender,Class,HS GPA,ACT conversion,Pretest,Exam 1,Exam 2,Exam 3,Exam 4,Exam 5,Final
2018,Fall,A,Male,Freshman,3.92,24,,94,88,92,87,90,90
2018,Fall,A,Female,Sophomore,3.82,23,38.3,94,100,94,93,92,85
2018,Fall,A,Female,Freshman,3.63,21,51.7,94,90,84,89,88,88
2018,Fall,A,Male,Freshman,2.27,23,,70,60,58,51,28,37
2018,Fall,A,Female,Freshman,3.97,27,36.7,88,74,82,71,80,57
2018,Fall,A,Male,Freshman,,,30,68,60,46,,,
2018,Fall,A,Female,Freshman,3.03,21,31.7,80,70,78,42,56,47
2018,Fall,A,Male,Senior,3.72,25,55,94,70,78,82,84,77
2018,Fall,A,Female,Freshman,3.93,31,40,98,98,86,93,88,83
2018,Fall,A,Male,NonMatriculating,3.48,18,46.7,94,94,84,73,92,78
2018,Fall,A,Female,Sophomore,2.95,27,,90,62,74,84,80,77
2018,Fall,A,Female,Freshman,3.98,22,18.3,76,68,72,65,84,65
2018,Fall,A,Male,Freshman,3.55,21,21.7,86,68,74,80,76,78
2018,Fall,A,Female,Junior,3.43,23,35,80,60,54,40,28,53
2018,Fall,A,Male,Freshman,3.9,29,,94,88,92,93,96,93
2018,Fall,A,Male,Freshman,3.34,23,,80,72,78,51,82,70
2018,Fall,A,Male,Freshman,,,,62,70,72,60,72,82
2018,Fall,A,Male,Sophomore,3.73,32,48.3,100,92,90,100,96,90
2018,Fall,A,Male,Sophomore,3.75,22,,56,24,,,,
2018,Fall,A,Female,Freshman,3.53,29,51.7,90,94,94,89,96,88
2018,Fall,A,Male,Freshman,3.16,25,41.7,88,90,86,64,84,75
2018,Fall,A,Female,Sophomore,4,26,53.3,94,78,86,95,88,88
2018,Fall,A,Male,Freshman,3.67,26,26.7,82,74,92,73,78,70
2018,Fall,A,Female,Sophomore,3.8,23,33.3,82,68,68,58,80,60
2018,Fall,A,Female,Freshman,3.5,22,30,66,96,58,40,56,37
2018,Fall,A,Female,Junior,3.62,24,,74,76,,,,
2018,Fall,A,Female,Freshman,3.4,21,33.3,72,56,68,47,50,
2018,Fall,A,Female,Freshman,3.41,17,23.3,56,42,62,31,34,45
2018,Fall,A,Female,Freshman,,18,41.7,94,92,88,91,98,92
2018,Fall,A,Male,Freshman,3.4,31,,70,86,,55,80,53
2018,Fall,A,Female,Junior,2.75,18,41.7,54,38,70,40,52,40
2018,Fall,A,Male,Freshman,2.9,25,36.7,84,52,62,76,70,70
2018,Fall,A,Male,Junior,2.97,23,30,88,74,88,58,86,70
2018,Fall,A,Female,Freshman,3.58,27,35,78,58,76,67,72,57
2018,Fall,A,Male,Freshman,,,35,76,62,,,,
2018,Fall,A,Female,Freshman,3.15,23,,76,74,70,67,50,50
2018,Fall,A,Male,Freshman,3.55,30,,66,38,50,,,
2018,Fall,A,Male,Sophomore,3.12,23,,86,90,96,87,88,85
2018,Fall,A,Male,Freshman,3.02,17,31.7,42,42,44,64,40,30
2018,Fall,A,Male,Sophomore,,,26.7,82,62,90,82,80,72
2018,Fall,A,Male,Freshman,2.96,26,,74,50,,,,
2018,Fall,A,Male,Freshman,3.1,24,35,90,76,62,67,56,67
2018,Fall,A,Male,Senior,3.48,23,48.3,,74,66,56,58,67
2018,Fall,A,Female,Sophomore,,,26.7,70,64,62,,,
2018,Fall,A,Male,Sophomore,3,30,51.7,90,90,86,95,92,87
2018,Fall,A,Female,Freshman,3.63,28,35,92,88,82,96,94,80
2018,Fall,A,Male,Freshman,3.62,26,40,98,82,92,98,96,82
2018,Fall,A,Male,Junior,2.46,17,46.7,76,76,78,78,64,58
2018,Fall,A,Female,Freshman,2.81,18,31.7,50,,34,24,,
2018,Fall,A,Female,Freshman,3.36,25,35,64,72,82,69,76,68
2018,Fall,A,Male,Freshman,3.82,25,26.7,66,94,64,40,40,52
2018,Fall,A,Female,Freshman,3.26,22,50,84,82,80,47,84,72
2018,Fall,A,Male,Freshman,3.89,27,38.3,92,94,86,93,92,83
2018,Fall,A,Female,Freshman,3.9,24,23.3,72,50,88,82,76,68
2018,Fall,A,Male,Senior,3.28,21,48.3,96,64,76,85,80,78
2018,Fall,A,Male,Freshman,3.63,25,40,92,92,92,91,84,85
2018,Fall,A,Female,Freshman,,,,90,84,90,71,76,63
2018,Fall,A,Female,Junior,3.56,22,45,90,94,98,96,94,92
2018,Fall,A,Male,Freshman,2.89,16,,82,84,78,82,74,58
2018,Fall,A,Male,Freshman,3.78,23,,80,90,94,98,92,88
2018,Fall,A,Male,Freshman,3.09,29,,68,60,72,,70,55
2018,Fall,A,Female,Freshman,3.85,21,40,92,92,88,93,90,77
2018,Fall,A,Male,Freshman,3.8,19,26.7,90,92,82,91,84,75
2018,Fall,A,Male,Freshman,,22,53.3,94,90,94,93,98,88
2018,Fall,A,Male,Sophomore,3.41,22,48.3,94,82,82,89,82,80
2018,Fall,A,Female,Sophomore,3.67,24,40,80,70,64,60,40,60
2018,Fall,A,Male,Freshman,2.93,29,,94,100,98,96,98,88
2018,Fall,A,Male,Freshman,3.89,31,33.3,94,88,98,89,88,87
2018,Fall,A,Male,Junior,3.98,28,70,96,98,96,100,98,88
2018,Fall,A,Male,Senior,3.67,24,38.3,80,82,74,73,86,72
2018,Fall,A,Female,Freshman,,20,28.3,50,32,42,49,,
2018,Fall,A,Male,Junior,2.53,19,,72,38,52,49,60,45
2018,Fall,A,Male,Junior,3.69,26,,90,86,84,89,90,78
2018,Fall,A,Male,Junior,3.83,28,,94,56,70,69,,
2018,Fall,A,Female,Freshman,2.99,19,30,52,68,62,47,62,47
2018,Fall,A,Male,Freshman,3.07,20,50,100,100,98,87,76,78
2018,Fall,A,Male,Freshman,3.92,21,30,92,96,78,80,92,72
2018,Fall,A,Male,Freshman,3.07,19,26.7,58,66,56,44,30,42
2018,Fall,A,Male,Freshman,3.81,25,38.3,88,86,96,93,90,80
2018,Fall,A,Male,Freshman,4,27,60,98,100,96,100,98,95
2018,Fall,A,Male,Freshman,2.37,22,,70,60,50,35,,
2018,Fall,A,Male,Junior,3.81,26,75,92,90,92,96,100,88
2018,Fall,A,Female,Freshman,3.96,26,33.3,94,88,82,89,80,73
2018,Fall,A,Female,Freshman,3.5,22,,78,68,80,78,80,75
2018,Fall,A,Female,Freshman,3.68,25,43.3,94,96,90,82,90,80
2018,Fall,A,Male,Junior,2.23,23,,64,94,96,93,82,73
2018,Fall,A,Male,Senior,3.44,27,56.7,100,96,98,91,96,93
2018,Fall,A,Female,Freshman,3.61,22,28.3,86,88,94,78,84,65
2018,Fall,A,Female,Freshman,2.65,19,21.7,34,30,,,,
2018,Fall,A,Female,Freshman,3.5,22,23.3,58,,60,51,48,53
2018,Fall,A,Male,Freshman,3.14,17,31.7,58,48,50,25,26,27
2018,Fall,A,Female,Freshman,3.18,17,,40,48,50,45,50,37
2018,Fall,A,Female,Sophomore,3.38,19,33.3,84,72,82,60,74,62
2018,Fall,A,Female,Junior,3.76,16,40,56,64,66,55,54,48
2018,Fall,A,Male,Junior,3.47,26,28.3,84,64,68,71,70,37
2018,Fall,A,Male,Freshman,3.47,27,38.3,94,100,98,98,86,90
2018,Fall,A,Male,Freshman,3.6,20,25,70,72,90,73,80,75
2018,Fall,A,Female,Sophomore,3.77,26,31.7,70,60,64,47,52,47
2018,Fall,A,Female,Freshman,3.66,26,38.3,48,54,58,33,14,32
2018,Fall,A,Male,Freshman,,23,,88,80,62,,60,
2018,Fall,A,Male,Senior,,25,,96,84,84,76,84,68
2018,Fall,A,Female,Freshman,2.69,21,31.7,70,52,70,76,60,75
2018,Fall,A,Female,Freshman,3.4,26,26.7,70,38,46,47,42,35
2018,Fall,A,Female,Junior,3.3,19,,86,80,78,76,84,72
2018,Fall,A,Male,Junior,,,63.3,66,76,84,64,,75
2018,Fall,A,Male,Freshman,2.86,25,50,86,50,44,,50,60
2018,Fall,A,Female,Freshman,3.44,19,33.3,58,46,62,42,56,37
2018,Fall,A,Male,Freshman,2.59,27,50,90,86,80,73,82,72
2018,Fall,A,Female,Freshman,3.25,20,41.7,52,56,80,65,72,58
2018,Fall,A,Male,Freshman,3.11,24,,66,50,56,49,68,45
2018,Fall,A,Female,Freshman,,21,43.3,92,82,84,89,82,82
2018,Fall,C,Male,Sophomore,,,,70,44,72,82,52,65
2018,Fall,C,Male,Freshman,3.91,22,30,80,70,74,85,80,75
2018,Fall,C,Female,Freshman,3.37,20,18.3,52,48,74,35,42,42
2018,Fall,C,Male,Freshman,2.41,18,25,54,48,54,29,46,37
2018,Fall,C,Female,Junior,2.94,17,41.7,64,54,60,60,74,47
2018,Fall,C,Female,Freshman,3.54,21,,66,66,72,47,28,48
2018,Fall,C,Female,Sophomore,,,33.3,46,64,78,49,56,45
2018,Fall,C,Male,Freshman,3.59,20,35,74,40,58,69,44,60
2018,Fall,C,Male,Freshman,3.42,19,,64,76,64,56,68,53
2018,Fall,C,Female,Freshman,,,38.3,86,66,,,,
2018,Fall,C,Male,Freshman,3.5,26,60,82,80,92,91,78,83
2018,Fall,C,Male,Sophomore,4,30,,98,94,90,93,92,77
2018,Fall,C,Female,Freshman,3.11,18,30,52,66,46,65,42,30
2018,Fall,C,Male,Freshman,3.11,26,46.7,96,80,90,91,86,80
2018,Fall,C,Female,Freshman,4,30,23.3,92,96,94,93,84,72
2018,Fall,C,Male,Freshman,3.58,29,46.7,84,78,,76,68,77
2018,Fall,C,Female,Freshman,,,36.7,72,38,,,,
2018,Fall,C,Male,Freshman,2.1,29,,60,66,92,58,54,62
2018,Fall,C,Female,Freshman,3.84,25,43.3,74,88,88,65,76,60
2018,Fall,C,Male,Freshman,2.48,20,36.7,62,90,88,82,76,77
2018,Fall,C,Male,Freshman,3.42,21,33.3,62,66,74,75,80,68
2018,Fall,C,Male,Freshman,3.73,,33.3,68,72,78,65,84,73
2018,Fall,C,Female,Freshman,,,33.3,40,44,32,,,
2018,Fall,C,Female,Freshman,3.76,25,28.3,86,90,90,89,82,75
2018,Fall,C,Female,Sophomore,3.11,27,,80,68,70,62,56,62
2018,Fall,C,Male,Freshman,2.97,17,28.3,80,46,38,,,
2018,Fall,C,Male,Freshman,3.58,25,46.7,90,88,90,91,88,78
2018,Fall,C,Male,Freshman,3,26,,76,64,52,62,32,45
2018,Fall,C,Female,Freshman,,16,43.3,76,46,70,56,76,43
2018,Fall,C,Female,Freshman,4,25,,92,82,80,84,76,82
2018,Fall,C,Male,Freshman,2.85,23,26.7,72,54,56,,52,48
2018,Fall,C,Male,Freshman,3.87,23,30,90,92,96,95,94,80
2018,Fall,C,Male,Freshman,2.69,20,,46,48,38,38,30,
2018,Fall,C,Male,Freshman,3.19,24,20,94,86,88,85,80,72
2018,Fall,C,Female,Freshman,3.55,24,,62,82,82,80,78,65
2018,Fall,C,Male,Freshman,3.93,27,35,90,90,80,93,82,85
2018,Fall,C,Male,Freshman,3.33,25,33.3,94,78,86,87,82,72
2018,Fall,C,Male,Freshman,2.62,19,31.7,72,54,78,82,70,48
2018,Fall,C,Female,Freshman,3.92,26,36.7,86,80,60,69,54,50
2018,Fall,C,Female,Junior,3.63,21,46.7,78,86,88,69,64,73
2018,Fall,C,Female,Freshman,3.73,28,41.7,74,56,88,78,76,72
2018,Fall,C,Female,Freshman,3.25,25,,92,86,88,82,66,68
2018,Fall,C,Female,Freshman,3.67,26,30,70,74,74,78,62,53
2018,Fall,C,Female,Sophomore,4,34,43.3,98,92,84,89,80,83
2018,Fall,C,Female,Freshman,2.54,18,,48,68,62,36,34,40
2018,Fall,C,Female,Freshman,3.52,29,26.7,72,76,64,58,64,48
2018,Fall,C,Male,Freshman,3.31,33,45,86,40,40,,,
2018,Fall,C,Male,Freshman,3.47,29,,92,92,78,93,74,78
2018,Fall,C,Male,Sophomore,,32,,86,86,88,69,76,60
2018,Fall,C,Male,Freshman,3.75,34,,78,90,84,82,94,75
2018,Fall,C,Male,Freshman,3.35,20,,50,60,46,35,34,38
2018,Fall,C,Male,Sophomore,3.03,18,40,80,88,64,69,,
2018,Fall,C,Female,Freshman,3.82,22,40,68,80,82,67,46,55
2018,Fall,C,Male,Freshman,3.23,20,,54,54,58,55,30,35
2018,Fall,C,Male,Freshman,3.58,21,31.7,92,64,76,53,62,42
2018,Fall,C,Female,Freshman,3.86,20,28.3,60,92,46,51,50,40
2018,Fall,C,Male,Freshman,,,50,96,94,96,95,92,90
2018,Fall,C,Male,Senior,3.5,21,45,96,96,92,87,78,82
2018,Fall,C,Male,Freshman,,19,36.7,80,94,76,65,92,88
2018,Fall,C,Male,Freshman,3.72,22,30,80,72,80,87,86,80
2018,Fall,C,Male,Freshman,,21,35,88,82,84,89,80,78
2018,Fall,C,Male,Freshman,3,24,,72,52,46,47,38,
2018,Fall,C,Female,Freshman,3.72,24,35,78,64,72,76,56,58
2018,Fall,C,Female,Freshman,2.61,19,,60,62,56,47,52,42
2018,Fall,C,Male,Freshman,4,29,31.7,92,98,94,89,88,80
2018,Fall,C,Female,Sophomore,3.97,28,50,96,96,88,98,92,88
2018,Fall,C,Male,Freshman,3.65,27,,74,70,76,64,54,67
2018,Fall,C,Female,Freshman,3.7,24,,66,62,70,62,68,58
2018,Fall,C,Female,Freshman,,,30,76,88,80,53,72,60
2018,Fall,C,Male,Freshman,2.9,18,,36,38,,,,
2018,Fall,C,Male,Freshman,,29,,90,94,70,80,78,78
2018,Fall,C,Female,Freshman,,,20,58,48,58,,,
2018,Fall,C,Female,Freshman,3.63,20,28.3,88,88,84,80,78,62
2018,Fall,C,Male,Freshman,3.18,24,43.3,76,84,86,76,76,70
2018,Fall,C,Female,Freshman,3.71,28,,82,92,84,100,84,80
2018,Fall,C,Female,Freshman,3.55,29,,92,94,88,96,94,80
2018,Fall,C,Male,Freshman,3.1,21,28.3,74,82,76,65,66,58
2018,Fall,C,Female,Sophomore,2.82,19,35,48,54,60,47,42,38
2018,Fall,C,Female,Freshman,2.96,20,28.3,80,84,72,60,74,47
2018,Fall,C,Female,Sophomore,4,24,40,82,96,86,84,88,73
2018,Fall,C,Female,Freshman,3.58,30,41.7,88,80,74,65,72,55
2018,Fall,C,Female,Freshman,3.27,19,33.3,70,74,78,51,58,42
2018,Fall,C,Male,Freshman,3.49,21,40,62,68,70,45,60,50
2018,Fall,C,Female,Senior,3.82,29,51.7,94,86,76,91,74,85
2018,Fall,C,Female,Freshman,3.69,24,35,88,80,70,84,68,63
2018,Fall,C,Male,Junior,,19,,70,72,76,78,70,67
2018,Fall,C,Male,Freshman,2.85,18,26.7,64,80,82,53,78,65
2018,Fall,C,Male,Freshman,,32,53.3,90,92,80,91,82,85
2018,Fall,C,Male,Freshman,3.09,22,23.3,62,70,78,71,64,63
2018,Fall,C,Female,Freshman,3.64,19,30,74,68,74,75,68,53
2018,Fall,C,Male,Freshman,3.65,23,,66,32,46,,30,35
2018,Fall,C,Female,Freshman,2.03,25,40,58,76,52,67,52,38
2018,Fall,C,Male,Freshman,3.79,23,31.7,88,90,88,91,82,83
2018,Fall,C,Male,Freshman,3.57,19,35,92,94,88,84,78,78
2018,Fall,C,Male,Freshman,3.82,26,31.7,86,86,82,89,80,85
2018,Fall,C,Female,Freshman,3.75,25,,60,78,82,73,62,68
2018,Fall,C,Female,Freshman,3.04,23,43.3,84,76,74,,,58
2018,Fall,C,Male,Freshman,3.38,27,30,88,82,62,76,42,62
2018,Fall,C,Male,Freshman,3.97,29,60,96,92,94,100,96,92
2018,Fall,C,Female,Freshman,3.95,23,,82,88,94,93,88,80
2018,Fall,C,Female,Freshman,4,29,43.3,90,96,84,80,86,78
2018,Fall,C,Male,Sophomore,3.67,18,,82,76,72,69,80,60
2018,Fall,C,Female,Freshman,,21,36.7,62,60,62,55,56,52
2018,Fall,C,Male,Freshman,,,23.3,94,96,98,98,92,85
2018,Fall,C,Male,Freshman,3.68,22,,52,76,68,69,46,50
2018,Fall,C,Male,Freshman,2.97,21,38.3,48,44,80,80,78,50
2018,Fall,C,Female,Freshman,3.86,28,21.7,72,58,60,55,,37
2018,Fall,C,Female,Freshman,3.91,26,33.3,86,76,66,76,68,52
2018,Fall,C,Male,Sophomore,,21,,92,82,78,100,94,78
2018,Fall,C,Male,Freshman,3.14,21,41.7,66,60,62,31,,
2018,Fall,C,Male,Freshman,3.28,27,21.7,76,86,88,69,82,65
2018,Fall,C,Male,Freshman,,20,41.7,66,66,62,80,62,55
2018,Fall,C,Female,Freshman,3.56,24,,88,98,94,84,76,78
2018,Fall,C,Male,Freshman,,,,80,76,80,91,66,65
2018,Fall,C,Male,Freshman,3.18,24,,78,84,96,95,78,77
2018,Fall,C,Male,Freshman,3.73,21,,92,86,88,96,92,78
2018,Fall,C,Female,Freshman,,,26.7,42,32,38,,,
2018,Fall,C,Male,Sophomore,3.86,25,43.3,92,92,80,95,86,80
2018,Fall,C,Male,Freshman,3.95,25,36.7,84,88,82,93,90,75
2018,Fall,C,Female,Freshman,3.52,18,40,50,68,68,67,54,55
2018,Fall,C,Male,Freshman,2.41,20,41.7,68,42,48,44,,
2018,Fall,C,Male,Freshman,3.69,21,35,90,94,94,100,92,87
2018,Fall,C,Male,Freshman,3.95,20,35,66,50,72,53,50,52
2018,Fall,C,Female,Freshman,2.85,14,,38,24,,,,
2018,Fall,C,Female,Freshman,3.97,30,38.3,88,86,92,89,76,65
2018,Fall,D,Male,Freshman,3.92,29,66.7,92,94,92,93,96,88
2018,Fall,D,Male,Freshman,3.45,30,28.3,60,50,38,45,36,42
2018,Fall,D,Male,Freshman,3.05,17,31.7,74,76,74,58,84,52
2018,Fall,D,Female,Junior,3.11,20,,78,98,96,98,96,87
2018,Fall,D,Female,Freshman,3.89,24,35,80,98,98,93,94,78
2018,Fall,D,Male,Sophomore,3.88,26,36.7,98,100,96,87,88,85
2018,Fall,D,Male,Senior,2.97,19,45,94,96,94,96,98,87
2018,Fall,D,Male,Freshman,3.75,22,33.3,96,92,98,96,98,83
2018,Fall,D,Female,Sophomore,3.11,16,21.7,50,62,64,45,42,33
2018,Fall,D,Male,Sophomore,3.26,24,,94,100,86,44,48,72
2018,Fall,D,Female,Freshman,4,25,46.7,92,84,80,69,78,77
2018,Fall,D,Female,Junior,2.98,16,23.3,38,44,40,33,30,27
2018,Fall,D,Male,Freshman,3.67,21,23.3,76,76,78,82,68,58
2018,Fall,D,Male,Freshman,,,25,44,28,,,,
2018,Fall,D,Male,Sophomore,3.94,,28.3,94,82,88,89,62,85
2018,Fall,D,Male,Freshman,3.82,27,41.7,86,88,80,82,80,73
2018,Fall,D,Female,Freshman,3.4,,,56,38,68,45,46,45
2018,Fall,D,Female,Sophomore,3.48,20,45,74,56,56,53,52,58
2018,Fall,D,Male,Freshman,3.36,19,26.7,66,86,72,47,56,52
2018,Fall,D,Male,Freshman,3.92,31,,100,98,98,89,96,83
2018,Fall,D,Male,Senior,4,23,40,94,96,92,96,92,87
2018,Fall,D,Male,Freshman,3.18,14,31.7,50,64,60,56,68,50
2018,Fall,D,Female,Sophomore,3.81,28,55,88,78,88,78,68,68
2018,Fall,D,Female,Sophomore,3.04,21,,48,74,62,62,46,37
2018,Fall,D,Male,Freshman,2.86,22,30,60,28,46,56,50,45
2018,Fall,D,Female,Sophomore,3.28,26,28.3,76,78,66,36,34,38
2018,Fall,D,Male,Freshman,3.42,33,46.7,86,60,72,62,66,67
2018,Fall,D,Male,Freshman,,,25,30,24,,,,
2018,Fall,D,Female,Sophomore,2.91,26,45,76,86,82,56,62,60
2018,Fall,D,Male,Freshman,3.27,28,50,90,48,78,49,50,57
2018,Fall,D,Male,Freshman,3.43,25,,88,88,96,71,70,68
2018,Fall,D,Male,Sophomore,,,35,54,26,46,,,
2018,Fall,D,Female,Freshman,2.7,22,,84,80,88,,88,82
2018,Fall,D,Female,Sophomore,2.96,23,23.3,64,60,70,56,74,43
2018,Fall,D,Male,Sophomore,2.91,18,26.7,44,38,48,33,28,
2018,Fall,D,Female,Sophomore,2.63,18,26.7,,36,,31,,22
2018,Fall,D,Male,Sophomore,2.89,26,43.3,86,68,64,51,54,60
2018,Fall,D,Female,Freshman,2.58,20,31.7,54,84,80,69,70,48
2018,Fall,D,Male,Freshman,3.97,25,50,94,84,84,89,92,82
2018,Fall,D,Male,Freshman,,,30,60,66,78,71,84,42
2018,Fall,D,Male,Freshman,3.77,21,33.3,92,96,90,98,88,95
2018,Fall,D,Male,Sophomore,2.96,16,,70,60,70,45,76,68
2018,Fall,D,Female,Sophomore,3.13,19,36.7,88,84,88,91,90,83
2018,Fall,D,Female,Junior,3.52,26,48.3,96,96,94,95,92,87
2018,Fall,D,Male,Sophomore,,,36.7,86,88,100,95,98,85
2018,Fall,D,Male,Sophomore,3.76,27,36.7,96,94,84,89,90,78
2018,Fall,D,Male,Sophomore,2.34,21,,54,44,72,49,68,65
2018,Fall,D,Female,Freshman,,,40,50,36,,,,
2018,Fall,D,Male,Sophomore,3.38,23,48.3,82,80,70,76,,73
2018,Fall,D,Male,Freshman,3.39,21,55,78,80,78,45,56,50
2018,Fall,D,Male,Freshman,3.91,20,45,64,48,50,38,,
2018,Fall,D,Male,Sophomore,,,20,,36,,,,
2018,Fall,D,Male,Freshman,3.71,27,46.7,88,88,84,98,90,78
2018,Fall,D,Male,Freshman,3.18,21,,82,66,74,64,88,67
2018,Fall,D,Female,Sophomore,3.67,24,33.3,56,76,84,62,72,65
2018,Fall,D,Male,Freshman,3.28,19,33.3,78,64,88,62,66,65
2018,Fall,D,Female,Junior,3.48,20,45,58,82,66,62,58,60
2018,Fall,D,Male,Freshman,3.33,25,33.3,76,76,84,60,78,60
2018,Fall,D,Female,Sophomore,3.74,22,46.7,78,76,76,82,72,62
2018,Fall,D,Female,Sophomore,3.33,23,,74,72,62,47,,
2018,Fall,D,Female,Freshman,3.09,26,36.7,80,64,80,60,64,55
2018,Fall,D,Female,Senior,3.64,23,28.3,78,54,76,49,64,50
2018,Fall,D,Male,Freshman,3.56,22,31.7,86,86,92,96,92,87
2018,Fall,D,Female,Sophomore,3.62,29,40,86,92,86,93,96,80
2018,Fall,D,Female,Freshman,3.27,20,,52,28,26,25,30,28
2018,Fall,D,Female,Sophomore,3.56,20,35,68,78,76,45,86,68
2018,Fall,D,Female,Freshman,3.51,21,31.7,62,38,86,73,82,53
2018,Fall,D,Female,Senior,3.8,21,45,92,90,80,67,84,78
2018,Fall,D,Female,Freshman,2.47,19,33.3,56,50,50,38,,
2018,Fall,D,Male,Freshman,2.72,26,55,92,94,88,73,90,78
2018,Fall,D,Male,Freshman,3.69,28,41.7,96,90,88,93,94,75
2018,Fall,D,Female,Sophomore,3.83,23,55,88,86,80,71,90,85
2018,Fall,D,Female,Sophomore,3.47,21,53.3,70,54,58,51,56,43
2018,Fall,D,Male,Freshman,3.46,23,46.7,78,82,82,76,80,72
2018,Fall,D,Female,Freshman,3.77,19,,58,70,84,69,78,52
2018,Fall,D,Female,Freshman,3.65,24,28.3,84,84,80,73,78,78
2018,Fall,D,Male,Junior,3.56,24,55,92,88,68,89,84,83
2018,Fall,D,Male,Sophomore,,,41.7,66,60,70,62,74,57
2018,Fall,D,Male,Freshman,,17,,38,42,36,,,
2018,Fall,D,Male,Freshman,2.07,19,26.7,58,56,68,47,44,43
2018,Fall,D,Male,Freshman,2.49,21,38.3,44,34,40,25,,
2018,Fall,D,Male,Freshman,2.65,21,,58,44,62,40,44,43
2018,Fall,D,Female,Sophomore,3.41,22,31.7,66,68,62,45,60,55
2018,Fall,D,Female,Freshman,3.7,22,40,80,92,72,73,64,53
2018,Fall,D,Male,Freshman,3.4,27,,90,88,90,96,90,85
2018,Fall,D,Female,Junior,3.34,27,30,84,80,82,93,90,72
2018,Fall,D,Male,Freshman,,26,35,76,90,88,71,86,82
2018,Fall,D,Male,Freshman,2.74,21,36.7,60,50,60,56,58,48
2018,Fall,D,Male,Freshman,3.57,22,26.7,58,72,86,76,88,80
2018,Fall,D,Male,Sophomore,3.6,24,41.7,92,90,94,89,94,80
2018,Fall,D,Female,Sophomore,3.3,19,40,80,70,64,71,54,57
2018,Fall,D,Female,Sophomore,,19,35,80,76,78,78,68,65
2018,Fall,D,Male,Sophomore,2.89,19,30,96,96,96,95,98,80
2018,Fall,D,Female,Sophomore,3.9,24,45,82,78,96,84,80,78
2018,Fall,D,Female,Sophomore,,28,41.7,98,92,98,91,94,92
2018,Fall,D,Male,Sophomore,,,18.3,58,38,,,,
2018,Fall,D,Male,Sophomore,3.78,20,33.3,94,70,74,71,64,60
2018,Fall,D,Male,Sophomore,3.07,21,36.7,92,84,84,80,90,67
2018,Fall,D,Female,Freshman,3.97,29,26.7,78,78,96,80,94,77
2018,Fall,D,Male,Freshman,3.31,20,,52,40,68,33,,
2018,Fall,D,Male,Freshman,,25,40,84,84,86,78,78,63
2018,Fall,D,Female,Freshman,2.78,18,,46,34,44,42,32,33
2018,Fall,D,Male,Freshman,3.29,23,30,90,86,68,89,92,75
2018,Fall,D,Female,Freshman,,,38.3,90,88,94,85,86,88
2018,Fall,D,Male,Freshman,3.49,22,40,88,96,92,76,84,83
2018,Fall,D,Female,Freshman,1.32,,,70,80,78,69,64,65
2018,Fall,D,Male,Freshman,3.75,18,31.7,56,78,74,53,66,53
2018,Fall,D,Male,Freshman,2.78,29,,74,,60,62,56,67
2018,Fall,D,Female,Sophomore,2.64,,30,68,40,80,53,60,42
2018,Fall,D,Female,Freshman,3.49,,40,72,86,78,60,56,
2018,Fall,D,Male,Sophomore,3.85,25,41.7,86,84,94,71,86,67
2018,Fall,D,Female,Freshman,3.95,25,30,94,88,80,89,86,72
2018,Fall,B,Male,Junior,3.54,26,60,98,94,92,80,88,90
2018,Fall,B,Female,Sophomore,3.5,18,40,80,86,62,89,74,65
2018,Fall,B,Female,Sophomore,,25,36.7,92,92,74,85,84,83
2018,Fall,B,Male,Junior,3.62,23,45,86,72,72,80,88,72
2018,Fall,B,Male,Sophomore,,,40,74,50,64,,,
2018,Fall,B,Male,Freshman,3.8,27,36.7,94,68,78,82,70,77
2018,Fall,B,Male,Freshman,2.82,18,35,78,74,80,76,78,67
2018,Fall,B,Female,Sophomore,,20,23.3,58,30,26,58,52,42
2018,Fall,B,Male,Senior,3.85,18,33.3,94,90,86,89,80,78
2018,Fall,B,Male,Freshman,3.63,21,41.7,88,96,88,98,94,88
2018,Fall,B,Female,Freshman,3.59,23,33.3,42,44,56,40,34,47
2018,Fall,B,Male,Sophomore,3.22,26,35,76,72,80,62,62,50
2018,Fall,B,Female,Sophomore,3.66,26,,88,70,46,80,76,65
2018,Fall,B,Female,Freshman,3.19,26,30,68,66,82,76,78,68
2018,Fall,B,Female,Junior,,,26.7,48,64,66,,,
2018,Fall,B,Female,Freshman,3.6,21,26.7,68,44,80,67,60,52
2018,Fall,B,Male,Freshman,3.98,19,33.3,88,92,96,100,94,82
2018,Fall,B,Female,Junior,3.44,29,45,94,78,92,91,94,88
2018,Fall,B,Female,Freshman,3.59,21,25,82,76,84,80,74,67
2018,Fall,B,Male,Freshman,,,35,80,82,90,93,88,82
2018,Fall,B,Female,Junior,3.25,,46.7,68,62,84,65,82,55
2018,Fall,B,Male,Sophomore,3.1,21,20,56,88,42,40,,
2018,Fall,B,Male,Freshman,,,36.7,56,52,,,,
2018,Fall,B,Female,Sophomore,3.89,21,33.3,72,64,86,76,70,63
2018,Fall,B,Female,Freshman,3.38,22,23.3,82,82,90,65,78,60
2018,Fall,B,Female,Junior,3.77,20,31.7,68,86,74,65,72,57
2018,Fall,B,Female,Freshman,,,28.3,54,,,,,
2018,Fall,B,Male,Junior,3.9,22,,84,,54,69,72,78
2018,Fall,B,Female,Freshman,3.73,19,35,68,88,76,75,68,62
2018,Fall,B,Male,Freshman,,22,36.7,90,92,96,96,90,85
2018,Fall,B,Female,Freshman,3.86,24,21.7,78,78,86,71,80,67
2018,Fall,B,Female,Freshman,3.97,31,46.7,96,98,98,100,96,82
2018,Fall,B,Male,Freshman,3.75,26,,96,84,94,98,92,87
2018,Fall,B,Male,Freshman,,,,74,66,76,56,52,55
2018,Fall,B,Male,Sophomore,4,23,56.7,92,88,88,91,98,87
2018,Fall,B,Male,Freshman,3.93,23,25,78,74,66,64,74,60
2018,Fall,B,Male,Senior,3.34,28,63.3,98,92,96,87,94,92
2018,Fall,B,Female,Sophomore,3.67,27,,78,80,86,80,84,80
2018,Fall,B,Female,Freshman,4,27,30,78,80,88,65,80,67
2018,Fall,B,Female,Freshman,3.91,32,48.3,98,100,98,85,84,85
2018,Fall,B,Male,Junior,2.88,17,38.3,64,80,80,75,76,52
2018,Fall,B,Male,Senior,3.62,27,76.7,94,94,98,98,98,90
2018,Fall,B,Male,Junior,3.78,22,31.7,94,94,86,95,92,82
2018,Fall,B,Male,Freshman,3.78,27,41.7,88,90,96,84,82,73
2018,Fall,B,Male,Freshman,3.65,26,41.7,82,50,48,69,54,63
2018,Fall,B,Female,Junior,3.87,28,33.3,72,54,72,67,72,47
2018,Fall,B,Female,Freshman,3.91,26,45,76,98,88,73,80,78
2018,Fall,B,Male,Junior,,,38.3,86,84,82,73,68,57
2018,Fall,B,Male,Sophomore,2.53,20,30,74,84,84,87,80,77
2018,Fall,B,Male,Sophomore,2.77,26,41.7,92,66,80,69,66,73
2018,Fall,B,Female,Freshman,,,23.3,46,40,,,,
2018,Fall,B,Male,Sophomore,,,31.7,88,82,90,87,88,83
2018,Fall,B,Male,Freshman,2.74,26,33.3,78,52,60,,,
2018,Fall,B,Male,Sophomore,2.48,20,23.3,56,60,60,24,,38
2018,Fall,B,Male,Freshman,3.37,20,23.3,92,90,78,93,90,67
2018,Fall,B,Male,Freshman,3.14,21,23.3,70,72,,76,92,80
2018,Fall,B,Male,Sophomore,3.35,,36.7,78,92,92,98,96,78
2018,Fall,B,Female,Freshman,3.99,26,36.7,88,70,66,58,80,43
2018,Fall,B,Male,Freshman,2.66,19,33.3,66,80,78,91,70,73
2018,Fall,B,Male,Freshman,3.8,27,45,92,84,92,96,82,83
2018,Fall,B,Female,Senior,3.48,23,50,94,78,82,89,84,83
2018,Fall,B,Male,Freshman,3.53,30,,78,58,82,42,60,60
2018,Fall,B,Male,Freshman,3.86,22,30,84,82,88,75,82,60
2018,Fall,B,Male,Sophomore,3.63,28,50,98,90,82,93,92,90
2018,Fall,B,Female,Sophomore,3.78,24,53.3,90,84,86,51,78,67
2018,Fall,B,Male,Freshman,3.77,23,,72,80,86,64,76,62
2018,Fall,B,Male,Freshman,3.39,24,33.3,66,74,50,35,46,42
2018,Fall,B,Female,Junior,2.91,23,28.3,88,86,90,82,66,75
2018,Fall,B,Female,Sophomore,3.8,18,38.3,84,88,92,85,84,82
2018,Fall,B,Male,Junior,3.11,31,41.7,82,58,84,67,76,67
2018,Fall,B,Female,Sophomore,,,25,80,66,,,,
2018,Fall,B,Female,Freshman,3.33,23,16.7,62,46,54,35,30,18
2018,Fall,B,Female,Freshman,3.42,20,36.7,74,68,48,,,
2018,Fall,B,Male,Freshman,3.2,30,76.7,90,90,84,87,90,92
2018,Fall,B,Male,Sophomore,,,33.3,78,72,50,,,
2018,Fall,B,Male,Sophomore,3.67,18,31.7,86,94,90,89,98,87
2018,Fall,B,Male,Freshman,3.09,18,46.7,90,90,88,91,94,85
2018,Fall,B,Female,Sophomore,2.82,17,,64,62,76,60,78,47
2018,Fall,B,Male,Senior,3.67,26,43.3,92,88,66,84,90,72
2018,Fall,B,Female,Freshman,3.59,29,33.3,82,72,82,78,68,65
2018,Fall,B,Female,Sophomore,4,24,28.3,90,96,92,98,94,85
2018,Fall,B,Male,Freshman,,25,25,84,90,92,75,90,83
2018,Fall,B,Female,Sophomore,3.5,18,31.7,50,84,72,82,76,65
2018,Fall,B,Female,Freshman,,,43.3,42,28,,,,
2018,Fall,B,Female,Sophomore,3.84,28,38.3,76,80,84,51,52,57
2018,Fall,B,Male,Freshman,3.68,24,40,86,96,82,67,68,65
2018,Fall,B,Male,Freshman,3.5,23,40,76,88,74,76,90,73
2018,Fall,B,Male,Freshman,2.28,20,26.7,70,58,36,,,
2018,Fall,B,Male,Freshman,3.97,26,38.3,96,94,90,95,90,88
2018,Fall,B,Female,Junior,4,21,33.3,94,96,94,98,90,87
2018,Fall,B,Male,Freshman,3.26,24,26.7,76,62,80,71,58,52
2018,Fall,B,Female,Sophomore,3.42,24,36.7,48,36,54,38,28,28
2018,Fall,B,Female,Sophomore,,,58.3,90,92,92,95,94,92
2018,Fall,B,Male,Junior,,24,33.3,100,76,80,76,82,83
2018,Fall,B,Male,Freshman,3.15,24,48.3,92,76,70,91,80,72
2018,Fall,B,Female,Junior,2.45,17,30,58,60,82,53,72,42
2018,Fall,B,Male,Freshman,3.24,25,26.7,72,40,92,84,90,87
2018,Fall,B,Female,Junior,3.93,24,50,96,82,74,56,68,65
2018,Fall,B,Male,Freshman,3.33,20,25,100,98,92,93,84,77
2018,Fall,B,Female,Freshman,,,25,34,20,36,,,
2018,Fall,B,Male,Freshman,,26,38.3,84,76,70,,66,68
2018,Fall,B,Female,Freshman,,,33.3,82,84,80,64,72,63
2018,Fall,B,Female,Sophomore,3.65,20,,64,62,70,65,74,50
2018,Fall,B,Female,Freshman,,,31.7,,50,50,,,
2018,Fall,B,Female,Junior,3.69,22,40,96,90,98,80,78,88
2018,Fall,B,Female,Sophomore,4,30,45,100,100,98,100,96,100
2018,Fall,B,Female,Freshman,3.39,20,26.7,70,54,58,65,58,50
2018,Fall,B,Female,Sophomore,3.87,30,48.3,96,96,94,91,98,78
2018,Fall,B,Male,Freshman,,,20,68,42,,,,
2018,Fall,B,Female,Junior,,,55,94,76,94,84,74,78
2018,Fall,B,Male,Freshman,,23,21.7,74,56,74,62,76,67
2018,Fall,B,Female,Freshman,3.45,16,,64,66,66,62,62,45
2018,Fall,B,Female,Junior,2.85,24,26.7,84,44,68,,,
2018,Fall,B,Male,Freshman,3.33,23,41.7,92,74,74,56,76,82
2018,Fall,B,Male,Junior,,,28.3,64,48,48,,,
2018,Fall,B,Female,Sophomore,3.33,26,,92,96,94,84,86,80
2018,Fall,B,Male,Sophomore,,,30,52,44,52,,,
2018,Fall,B,Male,Senior,3.6,26,43.3,84,68,94,75,78,60
2018,Fall,B,Male,Senior,3.05,17,36.7,90,88,80,85,86,75
2018,Fall,B,Male,Freshman,2.8,24,36.7,82,94,88,82,76,63
2018,Fall,B,Male,Freshman,2.77,23,,82,76,84,,86,68
2018,Fall,E,Male,Freshman,2.9,,23.3,40,56,76,73,72,65
2018,Fall,E,Female,Freshman,3.8,24,36.7,84,76,82,76,76,65
2018,Fall,E,Male,Senior,3.26,24,46.7,92,86,86,91,88,62
2018,Fall,E,Female,Senior,3.58,22,33.3,86,88,92,89,88,78
2018,Fall,E,Male,Freshman,,19,33.3,80,82,84,69,58,73
2018,Fall,E,Female,Junior,3.76,30,51.7,86,92,92,95,80,80
2018,Fall,E,Female,Freshman,,,28.3,54,70,74,58,56,55
2018,Fall,E,Male,Freshman,2.4,17,36.7,58,46,56,38,46,32
2018,Fall,E,Male,Freshman,2.93,26,36.7,88,90,86,85,80,68
2018,Fall,E,Male,Junior,,,41.7,72,70,48,,,
2018,Fall,E,Female,Freshman,,,41.7,88,98,90,100,90,97
2018,Fall,E,Female,Junior,3.56,22,36.7,78,76,80,84,76,53
2018,Fall,E,Male,Junior,3.53,22,53.3,84,94,92,82,90,82
2018,Fall,E,Male,Freshman,3.82,29,36.7,92,84,94,100,76,88
2018,Fall,E,Male,Sophomore,3.74,26,60,90,80,62,55,52,68
2018,Fall,E,Male,Freshman,2.57,20,33.3,48,,,29,,
2018,Fall,E,Female,Freshman,3.75,21,26.7,76,64,72,65,50,52
2018,Fall,E,Male,Freshman,3.43,23,,98,94,88,96,82,88
2018,Fall,E,Male,Senior,2.68,15,21.7,60,38,,,,42
2018,Fall,E,Male,Freshman,3.14,16,31.7,88,82,76,60,84,62
2018,Fall,E,Female,Sophomore,3.37,24,45,80,80,66,64,58,67
2018,Fall,E,Female,Sophomore,4,,35,80,70,90,96,72,82
2018,Fall,E,Male,Freshman,3.71,26,,98,92,96,85,80,82
2018,Fall,E,Male,Junior,,33,65,100,98,86,69,74,85
2018,Fall,E,Male,Freshman,4,29,48.3,76,64,76,73,66,70
2018,Fall,E,Male,Freshman,3.19,19,36.7,94,92,74,91,84,85
2018,Fall,E,Female,Sophomore,2.67,26,55,62,74,86,93,64,72
2018,Fall,E,Female,Freshman,,,23.3,48,44,,,,
2018,Fall,E,Female,Sophomore,3.48,28,38.3,66,80,78,69,64,48
2018,Fall,E,Male,Freshman,3.35,21,,60,62,74,62,54,57
2018,Fall,E,Male,Freshman,3.6,25,35,96,74,80,89,80,65
2018,Fall,E,Male,Sophomore,3.41,24,41.7,80,86,84,71,90,82
2018,Fall,E,Female,Freshman,3.51,33,75,94,90,92,,,93
2018,Fall,E,Female,Junior,3.94,24,56.7,88,96,88,95,70,85
2018,Fall,E,Female,Freshman,3.19,31,41.7,88,90,88,53,68,67
2018,Fall,E,Male,Freshman,3.5,30,43.3,100,96,96,96,96,93
2018,Fall,E,Male,Junior,3.28,23,33.3,78,58,86,71,72,78
2018,Fall,E,Female,Freshman,3.46,21,35,84,80,70,60,72,73
2018,Fall,E,Male,Sophomore,3.44,23,26.7,100,94,92,91,74,83
2018,Fall,E,Male,Junior,2.83,21,,86,52,82,47,56,73
2018,Fall,E,Male,Freshman,2.96,20,,88,76,60,73,58,53
2018,Fall,E,Male,Freshman,3.69,23,31.7,72,70,84,80,88,67
2018,Fall,E,Female,Freshman,3.65,28,45,56,62,70,56,52,65
2018,Fall,E,Male,Freshman,3.82,26,36.7,92,88,94,95,84,83
2018,Fall,E,Female,Freshman,3.94,26,66.7,100,98,94,96,96,93
2018,Fall,E,Female,Sophomore,3.78,25,,98,92,94,91,86,95
2018,Fall,E,Male,Freshman,3.72,23,53.3,98,76,94,89,82,88
2018,Fall,E,Female,Sophomore,3.96,28,51.7,96,86,96,91,90,88
2018,Fall,E,Male,Freshman,3.63,24,25,80,66,76,89,78,80
2018,Fall,E,Female,Junior,3.96,25,55,100,100,98,98,92,93
2018,Fall,E,Female,Junior,,,35,68,80,82,82,80,72
2018,Fall,E,Female,Freshman,3.88,26,41.7,82,74,72,78,52,62
2018,Fall,E,Male,Junior,3.55,24,,96,92,90,95,82,88
2018,Fall,E,Female,Senior,3.62,20,38.3,84,72,82,,70,68
2018,Fall,E,Male,Freshman,,,26.7,70,52,50,,,
2018,Fall,E,Female,Freshman,3.94,31,50,86,76,86,,,
2018,Fall,E,Female,Sophomore,3.27,20,36.7,64,70,58,44,68,50
2018,Fall,E,Male,Freshman,,19,,56,30,50,38,,48
2018,Fall,E,Male,Freshman,3.62,28,60,88,90,86,89,80,82
2018,Fall,E,Female,Sophomore,3.64,25,30,80,60,74,78,82,78
2018,Fall,E,Male,Freshman,3.25,25,38.3,86,88,90,75,90,73
2018,Fall,E,Male,Freshman,3.68,25,,98,74,74,73,74,65
2018,Fall,E,Female,Freshman,3.99,25,41.7,66,70,86,78,60,70
2018,Fall,E,Female,Freshman,3.09,21,,50,62,60,35,60,35
2018,Fall,E,Male,Freshman,3.12,18,,40,,36,,,
2018,Fall,E,Male,Sophomore,2.48,21,40,80,82,90,85,74,73
2018,Fall,E,Female,Freshman,3.65,26,35,52,66,68,53,64,42
2018,Fall,E,Male,Freshman,,21,36.7,66,54,72,36,28,47
2018,Fall,E,Male,Freshman,3.45,23,38.3,86,74,94,80,78,77
2018,Fall,E,Female,Sophomore,4,25,,70,68,62,49,68,50
2018,Fall,E,Female,Freshman,3.93,29,23.3,92,94,86,89,98,87
2018,Fall,E,Male,Freshman,,,31.7,32,34,,,,
2018,Fall,E,Male,Freshman,3.11,23,31.7,80,70,72,58,36,43
2018,Fall,E,Male,Freshman,3.61,25,41.7,98,92,96,98,86,87
2018,Fall,E,Male,Freshman,3.51,25,31.7,92,90,86,93,94,88
2018,Fall,E,Male,Junior,3.73,25,30,92,88,84,84,66,75
2018,Fall,E,Male,Freshman,2.1,24,26.7,88,62,78,62,72,58
2018,Fall,E,Female,Freshman,3.64,22,48.3,66,78,74,40,44,57
2018,Fall,E,Male,Junior,,,31.7,84,62,62,47,66,60
2018,Fall,E,Male,Sophomore,3.39,17,23.3,78,74,80,75,78,58
2018,Fall,E,Female,Junior,3.76,34,71.7,92,100,100,96,88,95
2018,Fall,E,Male,Freshman,3.05,31,36.7,84,68,88,67,80,60
2018,Fall,E,Male,Freshman,3.64,33,56.7,96,94,94,96,88,87
2018,Fall,E,Female,Sophomore,3.81,30,66.7,98,96,96,96,90,93
2018,Fall,E,Male,Sophomore,3.23,30,60,100,84,74,78,80,78
2018,Fall,E,Female,Sophomore,2.92,25,36.7,90,56,74,85,74,72
2018,Fall,E,Female,Freshman,3.74,19,,60,50,74,73,54,60
2018,Fall,E,Male,Freshman,3.56,22,45,94,100,100,91,90,87
2018,Fall,E,Male,Sophomore,2.53,17,31.7,68,50,64,,,
2018,Fall,E,Female,Sophomore,3.04,19,31.7,52,68,70,36,54,45
2018,Fall,E,Male,Senior,3.87,24,50,94,100,96,100,98,90
2018,Fall,E,Male,Freshman,,28,41.7,82,52,62,49,34,40
2018,Fall,E,Male,Freshman,3.45,26,51.7,96,76,88,71,72,75
2018,Fall,E,Male,Sophomore,3.51,27,35,80,70,88,73,70,68
2018,Fall,E,Male,Freshman,2.96,20,30,64,60,96,80,76,73
2018,Fall,E,Male,Freshman,,,35,94,96,98,93,86,92
2018,Fall,E,Female,Sophomore,2.97,26,,58,50,48,35,,
2018,Fall,E,Female,Freshman,3.79,27,40,90,78,92,80,,63
2018,Fall,E,Female,Freshman,3.64,23,35,90,96,96,93,74,70
2018,Fall,E,Male,Freshman,,,40,90,52,,,,
2018,Fall,E,Male,Junior,2.14,14,,74,66,76,89,74,65
2018,Fall,E,Female,Senior,3.77,29,46.7,92,68,52,60,66,63
2018,Fall,E,Male,Sophomore,2.51,27,46.7,96,88,86,98,,85
2018,Fall,E,Male,Freshman,3.84,24,38.3,98,98,90,96,92,88
2018,Fall,E,Female,NonMatriculating,,,31.7,56,52,,,,
2018,Fall,E,Male,Freshman,2.89,21,21.7,70,70,82,62,74,58
2018,Fall,E,Female,Freshman,3.6,31,,70,,,73,64,57
2018,Fall,E,Male,Sophomore,3.97,32,,80,78,74,85,72,63
2018,Fall,E,Female,Sophomore,,,35,72,32,40,,,
2018,Fall,E,Male,Senior,,,20,34,20,34,38,24,43
2018,Fall,E,Male,Sophomore,,,30,68,34,64,,,
2018,Fall,E,Female,Freshman,3.74,28,50,96,98,96,96,98,93
2018,Fall,E,Male,Sophomore,3.3,24,31.7,72,74,70,69,54,50
2018,Fall,E,Male,Freshman,3.69,26,46.7,100,86,94,91,86,92
2018,Fall,E,Male,Freshman,3.85,28,30,90,88,94,73,76,77
2018,Fall,E,Male,Sophomore,,,38.3,58,58,68,47,52,50
2018,Fall,E,Male,Freshman,2.75,17,25,70,66,68,53,62,48
2018,Fall,E,Male,Sophomore,,,26.7,54,62,42,,,
2018,Fall,E,Male,Freshman,3.55,,,72,68,68,71,66,52
2019,Winter,A,Male,Freshman,2.7,21,32,86,92,98,98,96,80
2019,Winter,A,Male,Junior,3.53,23,60,98,84,90,87,88,78
2019,Winter,A,Male,Sophomore,3.78,21,48,86,66,90,69,94,72
2019,Winter,A,Male,Sophomore,3.41,16,,40,42,42,42,54,40
2019,Winter,A,Male,Freshman,4,27,38,86,88,70,75,84,73
2019,Winter,A,Male,Sophomore,3.16,21,28,84,64,66,51,64,50
2019,Winter,A,Female,Junior,3.81,28,37,76,62,72,53,58,42
2019,Winter,A,Female,Sophomore,4,28,25,90,80,74,64,82,67
2019,Winter,A,Female,Freshman,,,40,38,38,36,,,
2019,Winter,A,Female,Senior,3.64,21,43,88,82,84,84,86,65
2019,Winter,A,Male,Freshman,3.49,18,28,68,76,66,45,60,38
2019,Winter,A,Female,Freshman,,,33,72,54,60,55,68,53
2019,Winter,A,Male,Senior,3.19,22,,86,84,76,78,54,57
2019,Winter,A,Male,Sophomore,3.26,24,45,94,84,90,75,82,67
2019,Winter,A,Female,Sophomore,3.4,17,32,66,74,72,58,68,50
2019,Winter,A,Male,Sophomore,3.38,19,27,80,66,90,67,76,70
2019,Winter,A,Male,Freshman,3.47,27,40,80,86,74,51,66,55
2019,Winter,A,Male,Sophomore,,,33,80,,,,,
2019,Winter,A,Female,Senior,3.48,,62,94,98,88,96,88,83
2019,Winter,A,Male,Freshman,,,33,44,,,,,
2019,Winter,A,Male,Freshman,2.5,19,,96,96,92,98,88,98
2019,Winter,A,Male,Freshman,3.58,25,43,88,78,76,62,70,72
2019,Winter,A,Male,Junior,2.76,20,43,88,90,92,,86,83
2019,Winter,A,Male,Senior,3.26,16,40,88,98,82,75,46,67
2019,Winter,A,Female,Junior,3.52,25,42,68,60,56,44,26,
2019,Winter,A,Male,Junior,2.88,23,58,72,90,72,56,40,63
2019,Winter,A,Male,Senior,3.45,31,37,90,58,58,51,62,60
2019,Winter,A,Male,Sophomore,,30,42,94,96,86,96,88,88
2019,Winter,A,Male,Junior,3.53,27,37,86,84,72,49,46,47
2019,Winter,A,Female,Junior,3.74,23,50,78,72,76,75,80,67
2019,Winter,A,Male,Freshman,,24,40,96,98,88,73,88,85
2019,Winter,A,Female,Freshman,,26,27,78,54,58,,,
2019,Winter,A,Male,Freshman,3.6,24,32,92,70,82,65,70,68
2019,Winter,A,Female,Freshman,3.31,,30,82,80,76,85,82,67
2019,Winter,A,Male,Junior,,,35,94,88,86,82,80,67
2019,Winter,A,Male,Junior,3.74,24,43,92,88,92,76,80,80
2019,Winter,A,Male,Sophomore,2.64,22,28,36,46,48,35,34,33
2019,Winter,A,Male,Senior,3.96,25,,80,90,64,55,48,47
2019,Winter,A,Male,Freshman,3.61,28,37,84,56,74,49,48,47
2019,Winter,A,Male,Sophomore,3.16,25,47,78,90,72,71,76,82
2019,Winter,A,Female,Junior,3.47,27,35,98,94,94,93,98,95
2019,Winter,A,Female,Sophomore,3.93,24,28,90,86,86,98,80,92
2019,Winter,A,Male,Sophomore,3.17,23,,90,76,72,73,58,70
2019,Winter,A,Male,Sophomore,3.93,29,62,90,90,86,96,94,83
2019,Winter,A,Male,Sophomore,3.28,28,65,100,92,84,87,76,85
2019,Winter,A,Male,Sophomore,3.41,17,38,66,,,,,
2019,Winter,A,Male,Sophomore,3.44,23,35,78,58,70,58,48,48
2019,Winter,A,Male,Freshman,3.45,24,47,100,96,96,95,94,90
2019,Winter,A,Female,Freshman,3.69,24,45,98,82,64,69,64,57
2019,Winter,A,Male,Sophomore,3.95,25,42,90,96,82,95,92,83
2019,Winter,A,Male,Junior,2.21,22,37,88,78,86,84,90,83
2019,Winter,A,Female,Freshman,3.9,24,42,90,82,70,67,70,68
2019,Winter,A,Male,Freshman,2.46,19,28,76,68,66,45,46,45
2019,Winter,A,Female,Sophomore,3.7,24,40,90,76,82,80,84,68
2019,Winter,A,Male,Freshman,1.9,23,32,88,86,88,,62,70
2019,Winter,A,Male,Sophomore,,,22,74,52,,,,
2019,Winter,A,Female,Sophomore,4,32,57,96,96,96,100,100,97
2019,Winter,A,Male,Sophomore,3.54,19,27,72,40,52,78,80,62
2019,Winter,A,Female,Sophomore,,20,,28,44,44,31,34,
2019,Winter,A,Male,Freshman,3.77,24,,100,88,82,89,82,82
2019,Winter,A,Male,Freshman,3.55,21,25,60,70,68,47,54,35
2019,Winter,A,Male,Sophomore,3.62,24,18,92,86,84,76,94,90
2019,Winter,A,Female,Freshman,3.3,23,,58,60,70,71,66,67
2019,Winter,A,Male,Freshman,,,,64,54,,,,
2019,Winter,A,Female,Freshman,3.8,28,23,96,92,86,87,86,87
2019,Winter,A,Female,Freshman,3.38,16,38,70,66,72,47,60,47
2019,Winter,A,Male,Freshman,2.84,18,27,56,66,66,47,,37
2019,Winter,A,Male,Freshman,2.59,18,,,46,,,,
2019,Winter,A,Female,Freshman,,,28,38,,,,,
2019,Winter,A,Male,Freshman,3.06,19,,64,70,58,53,,
2019,Winter,A,Male,Freshman,3.11,24,,,38,,,,
2019,Winter,A,Female,Senior,3.94,28,43,98,92,88,98,96,88
2019,Winter,A,Female,Freshman,3.88,23,40,82,54,76,65,,67
2019,Winter,A,Male,Freshman,3.73,20,27,88,86,84,82,90,72
2019,Winter,A,Male,Sophomore,,24,35,84,62,88,80,96,68
2019,Winter,A,Male,Junior,3.58,23,,82,68,74,84,90,82
2019,Winter,A,Female,Junior,3.36,22,,98,100,90,98,98,95
2019,Winter,A,Female,Freshman,2.74,,,92,90,84,,,
2019,Winter,B,Male,Freshman,3.01,25,28,72,76,56,53,70,53
2019,Winter,B,Female,Sophomore,3.66,23,37,78,84,0,76,82,78
2019,Winter,B,Female,Junior,,,,98,86,90,84,88,85
2019,Winter,B,Male,Sophomore,3.01,,50,98,98,92,100,90,92
2019,Winter,B,Male,Freshman,3.58,26,40,96,98,86,78,84,82
2019,Winter,B,Male,Freshman,,16,40,64,98,80,87,80,48
2019,Winter,B,Female,Freshman,2.96,22,,56,56,48,38,,
2019,Winter,B,Female,Freshman,3.13,22,37,82,48,48,33,,
2019,Winter,B,Female,Sophomore,3.77,27,43,92,92,90,96,96,93
2019,Winter,B,Female,Sophomore,3.54,28,52,88,68,64,80,80,65
2019,Winter,B,Male,Freshman,3.59,28,40,88,94,84,95,94,82
2019,Winter,B,Female,Freshman,3.51,25,40,92,90,80,64,88,73
2019,Winter,B,Male,Freshman,,21,40,82,92,74,80,84,77
2019,Winter,B,Male,Freshman,,23,55,80,64,76,49,74,68
2019,Winter,B,Female,Sophomore,,,32,76,82,68,73,64,40
2019,Winter,B,Male,Freshman,3.34,21,23,62,30,,,,
2019,Winter,B,Female,Freshman,,31,42,98,86,94,91,88,82
2019,Winter,B,Female,Freshman,2.97,16,15,52,32,40,36,38,28
2019,Winter,B,Male,Freshman,3.22,19,28,82,82,70,76,84,68
2019,Winter,B,Male,Freshman,3.28,17,38,76,82,90,93,90,80
2019,Winter,B,Male,Freshman,3.18,26,,90,82,52,55,48,
2019,Winter,B,Male,Freshman,3.79,28,,74,,68,69,76,53
2019,Winter,B,Male,Freshman,2.86,20,27,86,86,98,82,86,78
2019,Winter,B,Male,Freshman,2.98,27,32,94,86,90,95,84,85
2019,Winter,B,Male,Sophomore,2.98,18,30,88,76,52,55,40,42
2019,Winter,B,Male,Freshman,,,,30,16,,,,
2019,Winter,B,Male,Freshman,,,28,52,,,,,
2019,Winter,B,Male,Freshman,3.95,26,25,66,78,82,73,76,62
2019,Winter,B,Male,Freshman,3.78,33,48,98,96,88,96,92,90
2019,Winter,B,Male,Junior,,,62,94,86,62,69,62,
2019,Winter,B,Female,Sophomore,3.67,24,52,94,94,68,89,94,87
2019,Winter,B,Female,Freshman,,22,33,60,0,0,,,
2019,Winter,B,Male,Freshman,3.58,26,48,94,98,90,98,86,95
2019,Winter,B,Male,Freshman,2.46,19,32,74,90,90,89,98,80
2019,Winter,B,Male,Freshman,3.98,27,45,98,98,90,73,90,92
2019,Winter,B,Female,Sophomore,3.64,22,,76,52,68,58,34,52
2019,Winter,B,Male,Sophomore,2.82,19,,94,72,88,73,78,75
2019,Winter,B,Male,Freshman,,,42,78,84,64,,,
2019,Winter,B,Female,Senior,,23,42,90,74,74,87,82,77
2019,Winter,B,Male,Freshman,,,42,74,,,,,
2019,Winter,B,Female,Freshman,3.72,24,32,56,82,86,84,78,62
2019,Winter,B,Male,Freshman,3.4,20,,90,90,82,96,86,90
2019,Winter,B,Male,Freshman,3.1,18,32,90,92,90,84,94,80
2019,Winter,B,Male,Junior,3.38,20,30,58,46,,,,
2019,Winter,B,Female,Freshman,3.68,21,30,50,54,48,55,54,48
2019,Winter,B,Male,Freshman,3.36,29,32,74,66,88,62,,
2019,Winter,B,Male,Sophomore,3.37,24,33,80,74,68,87,92,65
2019,Winter,B,Female,Freshman,3.71,24,38,58,46,54,36,,
2019,Winter,B,Male,Freshman,3.56,23,32,94,96,88,95,94,93
2019,Winter,B,Male,Freshman,,,35,56,70,56,29,34,43
2019,Winter,B,Male,Freshman,3.56,22,45,96,98,88,98,100,83
2019,Winter,B,Female,Freshman,3.61,24,38,80,94,90,87,84,75
2019,Winter,B,Female,Sophomore,3.55,22,52,94,88,74,82,92,80
2019,Winter,B,Male,Freshman,2.5,16,27,54,32,52,71,78,53
2019,Winter,B,Male,Freshman,2.9,18,32,66,90,58,82,90,40
2019,Winter,B,Male,Freshman,4,22,32,96,96,92,96,90,92
2019,Winter,B,Male,Freshman,2.83,23,33,96,76,68,53,62,50
2019,Winter,B,Male,Freshman,3.37,26,45,96,94,96,100,98,90
2019,Winter,B,Male,Sophomore,3.95,26,37,62,82,84,67,68,68
2019,Winter,B,Male,Freshman,3.3,21,,66,52,64,64,40,40
2019,Winter,B,Male,Sophomore,3.88,26,48,74,50,66,58,40,
2019,Winter,B,Male,Sophomore,3.64,25,38,96,92,80,93,90,90
2019,Winter,B,Male,Sophomore,3.35,20,,92,98,94,89,86,88
2019,Winter,B,Male,Sophomore,3.77,29,38,80,68,74,78,58,65
2019,Winter,B,Male,Sophomore,2.95,24,50,90,84,94,89,60,68
2019,Winter,B,Male,Freshman,2.69,21,40,72,56,0,,,
2019,Winter,B,Male,Sophomore,2.98,24,,48,36,0,40,38,30
2019,Winter,B,Male,Sophomore,3.21,16,43,84,96,82,78,86,90
2019,Winter,B,Male,Sophomore,3.49,25,30,94,92,92,91,98,82
2019,Winter,B,Female,Freshman,2.6,19,30,56,44,46,64,62,47
2019,Winter,B,Female,Junior,3.7,22,28,92,76,80,87,84,63
2019,Winter,B,Male,Freshman,3.6,25,28,94,86,90,95,86,90
2019,Winter,B,Male,Freshman,3.68,25,47,92,94,80,89,88,82
2019,Winter,B,Female,Sophomore,,,28,68,84,86,65,62,60
2019,Winter,B,Male,Freshman,3.29,25,30,90,82,76,80,80,80
2019,Winter,B,Male,Freshman,3.3,28,47,94,94,76,100,90,90
2019,Winter,B,Male,Freshman,,24,38,90,78,90,93,74,78
2019,Winter,B,Male,Senior,4,32,,98,92,74,73,78,73
2019,Winter,B,Female,Freshman,3.27,19,37,90,88,82,82,88,87
2019,Winter,B,Male,Freshman,2.43,15,22,26,,,,,
2019,Winter,B,Male,Freshman,2.88,25,,92,,,,,
2019,Winter,B,Male,Freshman,3.18,16,35,60,58,44,51,42,
2019,Winter,B,Female,Junior,3.6,27,35,90,86,80,64,78,63
2019,Winter,B,Male,Freshman,3.35,28,,82,68,64,64,62,
2019,Winter,B,Male,Senior,2.28,23,,98,86,88,91,96,93
2019,Winter,B,Male,Freshman,2.36,20,27,78,82,78,71,68,47
2019,Winter,B,Male,Sophomore,3.25,19,23,84,94,86,69,84,60
2019,Winter,B,Male,Senior,3.47,24,37,82,62,72,65,84,70
2019,Winter,B,Male,Freshman,2.82,23,28,70,68,60,45,46,40
2019,Winter,B,Male,Freshman,3.23,19,37,96,100,90,89,90,92
2019,Winter,B,Male,Freshman,2.66,22,30,64,62,82,55,56,67
2019,Winter,B,Female,Freshman,3.85,17,28,74,80,74,73,80,67
2019,Winter,B,Male,Freshman,3.38,23,27,86,82,84,89,90,82
2019,Winter,B,Male,Freshman,3.13,19,35,76,,50,85,64,45
2019,Winter,B,Male,Sophomore,3.42,28,27,94,100,98,98,96,95
2019,Winter,B,Male,Junior,3.68,19,67,100,98,94,87,90,92
2019,Winter,B,Male,Freshman,2.86,26,,96,100,84,85,88,83
2019,Winter,B,Male,Freshman,3.44,27,,94,80,64,76,54,70
2019,Winter,B,Male,Freshman,3.57,29,50,96,98,94,96,94,90
2019,Winter,B,Female,Freshman,3.89,26,45,90,88,86,89,84,83
2019,Winter,B,Male,Sophomore,3.98,24,43,98,94,98,98,96,98
2019,Winter,B,Male,Freshman,3.78,21,27,82,84,78,96,88,70
2019,Winter,B,Female,Sophomore,3.67,21,32,88,82,70,87,94,70
2019,Winter,B,Male,Freshman,3.05,24,67,100,100,100,100,96,100
2019,Winter,B,Male,Freshman,,,37,100,92,92,98,92,98
2019,Winter,B,Female,Freshman,3.02,19,,36,34,30,33,,
2019,Winter,B,Male,Freshman,3.12,28,,98,92,74,65,68,80
2019,Winter,B,Female,Freshman,3.58,22,32,76,76,74,87,80,72
2019,Winter,B,Male,Freshman,2.89,26,63,98,100,92,98,96,88
2019,Winter,B,Female,Junior,,,35,56,60,38,,,
2019,Winter,B,Female,Freshman,,26,37,98,98,92,100,98,98
2019,Winter,B,Male,Freshman,3.52,28,33,90,84,56,65,36,52
2019,Winter,B,Male,Sophomore,2.83,26,,44,32,26,36,34,38
2019,Winter,B,Male,Freshman,2.91,27,32,94,92,96,100,98,93
2019,Winter,B,Female,Freshman,3.33,18,27,48,42,36,31,34,38
2019,Winter,E,Male,Freshman,3.71,25,37,92,80,90,87,86,90
2019,Winter,E,Male,Freshman,2.9,23,,86,80,92,84,78,82
2019,Winter,E,Male,Freshman,2.73,21,33,78,78,80,78,56,72
2019,Winter,E,Male,Sophomore,2.78,29,,92,88,86,100,94,93
2019,Winter,E,Male,Senior,3.57,23,55,98,92,92,96,96,90
2019,Winter,E,Female,Freshman,3.27,20,,,32,32,,36,22
2019,Winter,E,Female,Freshman,2.87,20,,60,,,,,
2019,Winter,E,Female,Freshman,3.5,21,,66,44,38,65,,
2019,Winter,E,Male,Freshman,3.68,29,,,,,,,
2019,Winter,E,Male,Freshman,2.61,19,27,68,44,66,60,68,43
2019,Winter,E,Female,Junior,3,29,43,98,0,90,95,96,88
2019,Winter,E,Male,Freshman,3.65,26,,62,56,74,36,38,
2019,Winter,E,Female,Sophomore,3.86,24,35,82,96,78,98,88,93
2019,Winter,E,Male,Sophomore,3.9,31,43,94,74,88,84,88,88
2019,Winter,E,Female,Sophomore,2.18,29,,86,80,0,84,78,82
2019,Winter,E,Female,Freshman,3.95,22,35,96,84,82,93,92,90
2019,Winter,E,Male,Freshman,2.99,23,,,,,,,
2019,Winter,E,Male,Freshman,3.34,22,,88,72,86,78,92,72
2019,Winter,E,Female,Sophomore,3.58,17,,28,20,52,,,
2019,Winter,E,Female,Sophomore,3.24,19,,72,56,68,67,74,53
2019,Winter,E,Female,Sophomore,3.68,22,25,76,76,84,87,78,60
2019,Winter,E,Female,Sophomore,,,33,90,86,92,93,96,87
2019,Winter,E,Female,Freshman,3.88,19,38,84,82,74,96,78,72
2019,Winter,E,Female,Junior,2.85,24,,82,82,78,76,56,48
2019,Winter,E,Female,Junior,3.63,25,25,86,84,98,78,88,45
2019,Winter,E,Male,Sophomore,2.98,18,38,80,98,92,85,88,90
2019,Winter,E,Male,Freshman,,,47,80,70,92,67,80,87
2019,Winter,E,Female,Senior,3.13,18,27,44,50,,,,
2019,Winter,E,Male,Sophomore,3.67,20,43,70,90,82,87,84,77
2019,Winter,E,Male,Freshman,3.12,23,,84,88,80,76,78,72
2019,Winter,E,Female,Freshman,3.22,19,32,74,92,76,85,72,62
2019,Winter,E,Male,Freshman,2.59,26,,,58,,,,55
2019,Winter,E,Male,Freshman,,,,80,54,86,80,72,77
2019,Winter,E,Male,Freshman,3.74,21,30,88,80,84,75,80,82
2019,Winter,E,Male,Freshman,3.02,21,,80,62,84,76,48,37
2019,Winter,E,Female,Freshman,3.67,26,63,90,76,80,73,82,75
2019,Winter,E,Female,Sophomore,2.71,16,,80,34,72,75,50,43
2019,Winter,E,Male,Sophomore,3.06,26,45,90,94,98,89,90,87
2019,Winter,E,Female,Freshman,2.41,18,,32,42,44,29,34,45
2019,Winter,E,Male,Sophomore,3.99,23,40,92,86,90,100,98,87
2019,Winter,E,Female,Freshman,,,27,82,84,78,80,88,83
2019,Winter,E,Male,Senior,,28,95,,,,,,
2019,Winter,E,Male,Junior,,,,88,76,58,84,94,70
2019,Winter,E,Male,Junior,,,30,52,,30,42,42,35
2019,Winter,E,Female,Freshman,3.11,,,76,56,52,,,
2019,Winter,E,Male,Freshman,3.42,24,35,94,92,88,93,92,87
2019,Winter,E,Male,Sophomore,2.73,31,,96,92,96,96,96,93
2019,Winter,E,Male,Senior,,,42,84,92,82,98,88,65
2019,Winter,E,Male,Freshman,3.54,31,57,88,72,74,84,86,85
2019,Winter,E,Male,Freshman,2.73,29,50,92,46,56,,,
2019,Winter,E,Female,Sophomore,3.92,24,,94,94,94,96,94,93
2019,Winter,E,Female,Freshman,3.7,29,,64,58,82,62,48,28
2019,Winter,E,Male,Sophomore,3.17,21,65,96,98,80,100,100,97
2019,Winter,E,Female,Sophomore,3.11,16,32,66,66,88,89,88,82
2019,Winter,E,Male,Sophomore,2.61,16,35,64,50,54,62,48,43
2019,Winter,E,Male,Freshman,2.36,,,80,80,84,89,80,65
2019,Winter,E,Male,Senior,2.97,25,73,100,92,92,91,90,90
2019,Winter,E,Female,Junior,2.75,18,38,54,48,66,56,56,33
2019,Winter,E,Male,Freshman,2.97,27,47,86,76,82,93,88,67
2019,Winter,E,Male,Senior,3.68,22,83,96,98,92,98,98,87
2019,Winter,E,Male,Freshman,2.8,20,45,82,84,80,56,84,70
2019,Winter,E,Male,Sophomore,2.41,20,,70,0,46,53,36,53
2019,Winter,E,Male,Freshman,3.02,22,,82,50,58,75,68,65
2019,Winter,E,Female,Freshman,3.85,25,42,70,60,76,76,76,77
2019,Winter,E,Male,Freshman,3.55,28,50,92,82,84,98,86,93
2019,Winter,E,Male,Sophomore,,22,,54,72,60,76,76,85
2019,Winter,E,Male,Freshman,3.6,26,48,100,100,100,100,98,95
2019,Winter,E,Female,Sophomore,3.66,21,35,68,74,70,73,84,87
2019,Winter,E,Female,Freshman,2.96,25,28,52,,,,,
2019,Winter,E,Female,Freshman,3.9,27,47,86,80,94,73,66,63
2019,Winter,E,Female,Sophomore,3.53,21,35,60,74,56,49,40,45
2019,Winter,E,Female,Sophomore,,,48,72,66,58,,,
2019,Winter,E,Female,Freshman,,,27,80,48,48,,,
2019,Winter,E,Male,Freshman,2.54,19,35,78,86,64,69,46,68
2019,Winter,E,Male,Freshman,,,23,64,56,72,29,70,37
2019,Winter,E,Female,Sophomore,3.95,24,33,74,78,68,42,84,73
2019,Winter,E,Male,Junior,,28,,78,76,62,62,74,77
2019,Winter,E,Male,Freshman,3.92,24,47,90,84,84,78,94,80
2019,Winter,E,Male,Freshman,3.5,26,20,72,46,60,60,,
2019,Winter,E,Male,Freshman,2.89,,,62,78,82,89,70,93
2019,Winter,E,Male,Sophomore,3.45,27,,68,84,86,85,82,88
2019,Winter,E,Female,Freshman,2.75,22,20,74,62,60,49,48,38
2019,Winter,E,Male,Freshman,2.62,19,68,74,80,68,89,80,67
2019,Winter,E,Male,Freshman,3.11,24,,62,58,46,,,
2019,Winter,E,Male,Freshman,,,33,56,50,48,,,
2019,Winter,E,Female,Freshman,3.72,29,45,92,74,48,91,80,62
2019,Winter,E,Female,Freshman,3.5,22,,68,56,76,,,
2019,Winter,E,Female,Junior,3.97,24,37,82,76,88,84,,58
2019,Winter,E,Male,Freshman,3.53,26,,94,92,92,73,80,77
2019,Winter,E,Male,Sophomore,3.57,27,50,74,86,78,55,80,68
2019,Winter,E,Male,Freshman,,20,30,100,100,90,96,94,98
2019,Winter,E,Female,Freshman,3.78,20,,74,46,66,69,30,43
2019,Winter,E,Female,Sophomore,,21,57,70,70,70,69,82,80
2019,Winter,E,Male,Junior,2.86,22,17,56,42,52,,,
2019,Winter,E,Male,Freshman,3.31,27,,88,52,52,82,58,55
2019,Winter,E,Male,Freshman,2.82,20,30,64,42,74,69,68,58
2019,Winter,E,Female,Freshman,2.79,22,33,58,44,64,58,64,42
2019,Winter,E,Female,Freshman,2.93,20,32,78,88,84,85,84,77
2019,Winter,E,Female,Freshman,2.98,18,33,64,58,56,64,46,50
2019,Winter,E,Female,Freshman,3.15,17,,52,56,56,69,46,82
2019,Winter,E,Male,Sophomore,3.35,30,38,100,94,78,100,94,98
2019,Winter,E,Male,Freshman,,22,35,94,92,96,93,92,85
2019,Winter,E,Male,Freshman,,,45,98,100,98,98,100,98
2019,Winter,E,Male,Non-Matriculating,3.36,20,53,96,94,86,98,92,92
2019,Winter,E,Male,Non-Matriculating,,,45,96,94,96,78,88,82
2019,Winter,E,Male,Sophomore,3.13,19,30,68,52,66,40,70,50
2019,Winter,E,Male,Junior,3.38,19,,60,76,82,75,68,52
2019,Winter,E,Male,Freshman,2.94,16,,70,70,56,65,70,73
2019,Winter,E,Male,Freshman,3.6,23,,40,34,38,27,,
2019,Winter,A,Male,Junior,3,20,35,64,46,74,45,46,40
2019,Winter,A,Male,Freshman,2.77,25,52,82,68,74,71,44,58
2019,Winter,A,Female,Freshman,3.32,25,32,90,70,76,67,50,67
2019,Winter,A,Male,Freshman,2.78,27,43,92,86,88,95,90,82
2019,Winter,A,Female,Freshman,,25,45,84,96,94,73,80,82
2019,Winter,A,Male,Freshman,3.31,33,,,,,,,
2019,Winter,A,Female,Freshman,3.09,19,,36,36,44,,28,
2019,Winter,A,Female,Freshman,3.31,20,42,82,86,84,95,90,80
2019,Winter,A,Male,Freshman,3.31,20,28,88,64,68,35,56,45
2019,Winter,A,Male,Freshman,2.75,16,28,40,46,46,35,40,38
2019,Winter,A,Male,Freshman,3.77,28,48,98,90,80,91,84,78
2019,Winter,A,Male,Sophomore,3.22,24,35,94,62,84,85,64,63
2019,Winter,A,Male,Junior,3.19,25,28,92,76,96,96,94,68
2019,Winter,A,Male,Freshman,3.17,18,30,92,90,90,93,76,85
2019,Winter,A,Female,Junior,3.62,24,45,78,74,84,67,70,57
2019,Winter,A,Male,Sophomore,3.57,20,,60,56,58,55,,
2019,Winter,A,Male,Sophomore,3.88,22,,84,82,48,62,72,65
2019,Winter,A,Male,Freshman,3.15,17,28,68,64,68,38,34,50
2019,Winter,A,Male,Freshman,3.53,16,,76,74,68,36,68,60
2019,Winter,A,Female,Freshman,3.86,25,33,74,78,64,80,82,70
2019,Winter,A,Male,Freshman,3.92,24,48,100,88,94,87,94,92
2019,Winter,A,Male,Freshman,2.55,19,27,76,38,,,,
2019,Winter,A,Male,Freshman,3.78,28,55,98,88,90,93,96,90
2019,Winter,A,Male,Freshman,3.8,32,48,98,84,76,98,90,88
2019,Winter,A,Male,Freshman,2.16,23,45,82,86,84,69,84,63
2019,Winter,A,Male,Sophomore,3.76,26,42,98,94,84,85,80,77
2019,Winter,A,Male,Freshman,3.67,25,28,46,30,44,25,32,30
2019,Winter,A,Female,Freshman,4,29,37,94,90,84,75,86,75
2019,Winter,A,Male,Freshman,,18,27,64,96,90,100,100,92
2019,Winter,A,Male,Sophomore,2.88,17,25,74,80,70,51,66,92
2019,Winter,A,Male,Freshman,3.35,27,,86,66,80,55,70,70
2019,Winter,A,Male,Freshman,3.95,30,,94,86,98,93,90,83
2019,Winter,A,Male,Sophomore,2.73,20,,70,50,48,47,52,55
2019,Winter,A,Female,Sophomore,3.59,27,,100,88,84,93,90,83
2019,Winter,A,Female,Freshman,3.31,25,35,62,48,50,55,58,43
2019,Winter,A,Female,Sophomore,,27,,96,88,88,85,76,85
2019,Winter,A,Female,Freshman,3.41,23,40,82,54,76,71,70,63
2019,Winter,A,Male,Freshman,2.48,19,28,52,58,50,49,50,55
2019,Winter,A,Female,Sophomore,,16,25,46,44,56,44,38,38
2019,Winter,A,Female,Freshman,3.67,20,32,72,68,84,69,76,62
2019,Winter,A,Female,Senior,3.39,21,43,96,94,88,87,96,92
2019,Winter,A,Male,Freshman,3.92,34,43,96,92,88,96,88,95
2019,Winter,A,Male,Freshman,3.57,28,38,100,90,74,78,64,65
2019,Winter,A,Female,Freshman,3.45,25,38,86,82,66,71,72,67
2019,Winter,A,Male,Freshman,3.55,24,,38,54,56,36,44,40
2019,Winter,A,Female,Freshman,,,20,36,,,,,
2019,Winter,A,Female,Sophomore,,,43,72,70,76,56,66,60
2019,Winter,A,Male,Freshman,,,33,64,56,56,,,
2019,Winter,A,Male,Freshman,,,,66,38,,,,
2019,Winter,A,Male,Freshman,2.96,21,32,,,,,,
2019,Winter,A,Male,Senior,3.14,22,57,98,94,84,91,64,68
2019,Winter,A,Female,Junior,3.48,28,55,94,86,74,91,84,82
2019,Winter,A,Male,Sophomore,3.33,23,35,90,64,72,58,68,62
2019,Winter,A,Female,Junior,3.67,24,53,96,86,70,93,86,75
2019,Winter,A,Female,Sophomore,3.89,29,55,98,98,92,96,96,83
2019,Winter,A,Male,Freshman,3.26,23,42,92,90,94,93,90,87
2019,Winter,A,Male,Freshman,3.8,29,33,96,88,92,85,94,85
2019,Winter,A,Male,Freshman,3.61,32,47,98,96,100,98,100,98
2019,Winter,A,Female,Senior,3.33,24,,80,82,76,85,92,65
2019,Winter,A,Male,Freshman,2.02,20,28,88,86,82,91,98,87
2019,Winter,A,Male,Freshman,,,22,72,56,60,,,
2019,Winter,A,Male,Freshman,,,38,90,48,56,,,
2019,Winter,A,Male,Freshman,3.32,19,,84,76,78,67,88,73
2019,Winter,A,Female,Freshman,,,37,58,52,44,51,30,
2019,Winter,A,Male,Freshman,3.73,19,,52,70,60,58,66,55
2019,Winter,A,Male,Freshman,3.83,23,55,96,86,86,98,94,93
2019,Winter,A,Male,Freshman,2.81,26,47,98,88,80,69,66,77
2019,Winter,A,Male,Freshman,2.09,23,42,66,84,74,80,66,65
2019,Winter,A,Male,Sophomore,,,,88,56,,,,
2019,Winter,A,Male,Freshman,3.44,24,40,90,90,84,89,90,75
2019,Winter,A,Male,Freshman,3.06,18,17,36,40,0,,,
2019,Winter,D,Female,Junior,,,,80,72,58,67,62,55
2019,Winter,D,Male,Freshman,3.47,26,27,92,78,72,75,80,63
2019,Winter,D,Female,Junior,3.67,16,43,86,100,94,85,96,88
2019,Winter,D,Male,Sophomore,2.34,21,,68,78,70,71,64,77
2019,Winter,D,Male,Junior,3.93,28,38,88,86,72,76,38,52
2019,Winter,D,Male,Freshman,2.83,23,,84,76,82,73,82,77
2019,Winter,D,Male,Sophomore,,,42,94,88,68,,,
2019,Winter,D,Male,Junior,3.54,22,33,88,100,78,96,90,78
2019,Winter,D,Male,Sophomore,3.88,26,43,90,84,76,65,68,67
2019,Winter,D,Male,Freshman,,,,50,32,,,,
2019,Winter,D,Male,Freshman,3.71,25,30,90,80,74,82,70,75
2019,Winter,D,Male,Freshman,3.65,26,,96,80,82,78,82,80
2019,Winter,D,Male,Freshman,2.77,25,,62,50,54,,,
2019,Winter,D,Male,Freshman,3.54,16,28,74,54,60,51,60,55
2019,Winter,D,Male,Senior,3.45,22,48,92,94,82,93,88,75
2019,Winter,D,Male,Freshman,3.44,15,30,40,26,24,40,32,28
2019,Winter,D,Female,Freshman,,,28,72,74,,,,
2019,Winter,D,Male,Freshman,2.16,18,,70,54,38,,,
2019,Winter,D,Male,Freshman,3.88,21,17,90,94,90,91,96,72
2019,Winter,D,Female,Freshman,3.78,17,33,72,50,40,65,58,30
2019,Winter,D,Male,Freshman,,,27,58,48,,,,
2019,Winter,D,Male,Freshman,3.02,22,33,98,94,82,89,78,70
2019,Winter,D,Male,Junior,,17,,58,50,42,60,58,38
2019,Winter,D,Male,Freshman,3.5,26,38,90,78,80,93,90,77
2019,Winter,D,Male,Sophomore,3.28,18,30,62,58,80,67,62,55
2019,Winter,D,Male,Freshman,2.48,19,32,64,40,38,62,20,37
2019,Winter,D,Female,Freshman,,,35,70,66,56,,,
2019,Winter,D,Female,Sophomore,3.62,24,37,74,62,70,49,,43
2019,Winter,D,Male,Junior,3.7,24,53,96,96,88,71,88,83
2019,Winter,D,Male,Freshman,,,28,66,42,,,,
2019,Winter,D,Female,Freshman,3.57,32,,80,70,66,76,76,60
2019,Winter,D,Female,Freshman,3.56,23,,68,58,42,49,36,
2019,Winter,D,Male,Freshman,3.73,23,23,92,80,80,73,70,63
2019,Winter,D,Female,Junior,3.95,23,,90,88,92,78,82,77
2019,Winter,D,Male,Non-Matriculating,,,65,88,96,82,91,90,88
2019,Winter,D,Male,Freshman,3.97,22,,84,92,92,84,84,82
2019,Winter,D,Male,Sophomore,,,27,48,60,64,58,52,
2019,Winter,D,Male,Freshman,3.85,31,,92,82,62,84,64,65
2019,Winter,D,Male,Senior,3.21,17,43,94,72,84,89,92,70
2019,Winter,D,Male,Junior,,,33,88,92,90,76,78,83
2019,Winter,D,Male,Freshman,3.67,27,52,86,60,80,69,82,67
2019,Winter,D,Male,Sophomore,,,25,44,28,,,,
2019,Winter,D,Female,Sophomore,3.33,25,27,60,80,64,25,,
2019,Winter,D,Male,Junior,3.87,27,23,86,84,86,84,94,78
2019,Winter,D,Male,Junior,3.8,20,45,86,74,64,78,84,77
2019,Winter,D,Male,Junior,3.93,29,43,100,88,90,87,82,82
2019,Winter,D,Male,Freshman,2.96,20,,92,96,88,69,82,70
2019,Winter,D,Male,Junior,3.23,17,,84,90,90,82,96,88
2019,Winter,D,Male,Sophomore,3.8,31,67,98,94,92,96,98,92
2019,Winter,D,Male,Freshman,3.22,24,33,74,58,68,75,62,60
2019,Winter,D,Male,Junior,3,20,35,84,80,78,62,66,55
2019,Winter,D,Female,Sophomore,3.12,29,,88,60,,,,
2019,Winter,D,Male,Freshman,3.93,27,45,98,98,96,95,98,93
2019,Winter,D,Male,Freshman,2.98,25,,58,34,,0,,
2019,Winter,D,Female,Senior,3.53,16,38,78,78,74,71,60,60
2019,Winter,D,Female,Junior,3.94,26,47,96,96,94,96,94,90
2019,Winter,D,Female,Junior,3.67,26,60,92,76,94,95,86,83
2019,Winter,D,Male,Sophomore,3.76,24,50,88,82,86,75,76,87
2019,Winter,D,Female,Sophomore,,,,92,78,76,,,
2019,Winter,D,Male,Sophomore,3.59,29,57,94,96,84,96,90,83
2019,Winter,D,Male,Freshman,2.85,22,,84,78,74,75,74,65
2019,Winter,D,Male,Sophomore,2.48,20,25,78,60,66,49,48,53
2019,Winter,D,Male,Freshman,2.73,25,,86,72,56,78,74,63
2019,Winter,D,Male,Freshman,3.13,28,50,82,100,92,91,96,87
2019,Winter,D,Male,Freshman,3.63,19,,88,100,88,96,98,92
2019,Winter,D,Male,Freshman,3.78,26,32,84,74,84,84,80,72
2019,Winter,D,Male,Freshman,3.16,27,33,96,92,90,82,88,85
2019,Winter,D,Male,Junior,3.18,22,47,96,96,94,95,98,77
2019,Winter,D,Female,Senior,3.68,23,83,100,100,90,95,96,92
2019,Winter,D,Female,Sophomore,3.81,21,,78,60,58,67,68,52
2019,Winter,D,Male,Sophomore,,25,,66,70,80,53,62,63
2019,Winter,D,Male,Freshman,3.56,21,43,82,74,76,58,88,78
2019,Winter,D,Female,Junior,,25,43,98,98,86,84,84,77
2019,Winter,D,Male,Freshman,3,28,,88,88,86,67,84,63
2019,Winter,D,Male,Junior,2.59,18,47,88,94,90,85,88,75
2019,Winter,D,Male,Non-Matriculating,,21,53,98,98,100,96,96,97
2019,Winter,D,Male,Freshman,3.7,23,,96,84,94,98,86,90
2019,Winter,D,Female,Freshman,3.92,22,37,68,68,58,,,
2019,Winter,D,Male,Freshman,3.26,22,42,62,68,50,27,,
2019,Winter,D,Male,Sophomore,,28,40,68,48,58,65,48,55
2019,Winter,D,Female,Freshman,3.91,22,37,94,90,90,98,90,87
2019,Winter,D,Female,Sophomore,3.69,24,32,88,84,66,84,78,73
2019,Winter,D,Female,Sophomore,3.9,30,,88,96,96,87,90,92
2019,Winter,D,Male,Freshman,3.86,24,,74,72,76,65,72,60
2019,Winter,D,Female,Sophomore,3.22,27,,94,66,70,,,
2019,Winter,D,Male,Freshman,3.24,26,,68,76,78,78,78,60
2019,Winter,D,Female,Freshman,,,33,52,,,,,
2019,Winter,D,Male,Senior,,,35,78,78,72,55,78,55
2019,Winter,D,Female,Sophomore,3.51,24,,74,84,58,64,74,47
2019,Winter,D,Female,Sophomore,,23,42,96,86,64,89,76,75
2019,Winter,D,Male,Freshman,3.01,19,27,62,54,58,44,,45
2019,Winter,D,Male,Freshman,3.59,17,,62,66,64,62,56,72
2019,Winter,D,Female,Freshman,3.98,30,38,88,100,90,95,92,82
2019,Winter,D,Female,Sophomore,3.91,21,47,78,60,82,65,70,58
2019,Winter,D,Male,Freshman,3.76,30,,100,100,94,98,94,93
2019,Winter,D,Female,Freshman,3.88,23,,60,46,44,47,42,
2019,Winter,D,Male,Freshman,3.57,33,42,92,88,70,64,78,77
2019,Winter,D,Male,Freshman,3.54,27,35,88,94,68,75,74,65
2019,Winter,D,Male,Freshman,3.79,22,38,94,94,92,96,90,92
2019,Winter,D,Female,Sophomore,3.82,20,38,68,92,82,84,82,75
2019,Winter,D,Male,Junior,2.5,22,42,100,80,72,78,86,90
2019,Winter,D,Male,Freshman,,,,54,48,46,,,
2019,Winter,D,Male,Freshman,2.54,21,27,60,68,78,82,74,55
2019,Winter,D,Male,Freshman,2.96,27,,88,72,82,80,74,53
2019,Winter,D,Male,Freshman,2.97,18,33,74,70,44,55,38,48
2019,Winter,D,Female,Sophomore,2.31,20,,52,28,50,47,36,25
2019,Winter,D,Male,Senior,3.72,22,35,80,82,90,84,88,87
2019,Winter,D,Female,Freshman,,,,80,,,,,
2019,Winter,D,Male,Freshman,3.32,22,27,58,62,70,55,52,53
2019,Winter,D,Male,Freshman,2.61,19,,66,64,60,45,62,47
2019,Winter,D,Female,Freshman,3.55,21,38,62,52,,,,
2019,Winter,D,Female,Non-Matriculating,3.7,17,33,88,72,92,87,96,70
2019,Winter,D,Male,Junior,,,27,58,46,,,,
2019,Winter,D,Male,Freshman,3.47,25,27,78,56,78,53,66,48
2019,Winter,D,#N/A,#N/A,2.81,19,30,90,82,80,76,70,75
